172.95035654,-43.76230122,"40 Archdalls Road, Robinsons Bay",Wrong Side: 1755690
