176.76205332,-38.37377950,"4462 Galatea Road, Galatea, Murupara",Wrong Side: 841931
