172.96905218,-42.96476007,"5 Tavern Drive, Greta Valley",Wrong Side: 2448174
