172.81092153,-42.93146645,"211 Megowans Road, Scargill, Waikari",Wrong Side: 2426046
171.36558442,-44.15785299,"531 Newland Road, Orton, Temuka",Wrong Side: 2439427
171.36160428,-44.15399194,"477 Newland Road, Orton, Temuka",Wrong Side: 2439428
