176.75176276,-39.44146604,"1527 Glengarry Road, Puketapu, Napier",Wrong Side: 2442178
