173.42370447,-41.17810109,"533 Cable Bay Road, Cable Bay, Hira",Wrong Side: 2450569
