174.704856945616,-36.8834408368479,Waterview Cycle Path,Shouldbe: Mount Albert,138
174.869715,-36.9125126,Ti Rakau Dr,Shouldbe: Pakuranga,1130
174.870213705303,-36.9137742036631,Ti Rakau Dr,Shouldbe: Pakuranga,1028
174.872957212653,-36.9165639767703,Ti Rakau Dr,Shouldbe: Pakuranga,367
174.8766678,-36.9198359,Ti Rakau Dr,Shouldbe: Pakuranga,273
174.871018778571,-36.9149663077061,Ti Rakau Dr,Shouldbe: Pakuranga,830
174.8652023,-36.882661,Elstree Ave,Shouldbe: Point England,33
