174.8661323,-36.8792416,Elstree Ave,Shouldbe: Glen Innes,6
174.856098367329,-36.9114422862598,South-Eastern Hwy,Shouldbe: Mount Wellington,1031
174.884994663609,-36.9238535649848,Ti Rakau Dr,Shouldbe: Pakuranga Heights,387
174.839762459503,-36.8791125320943,Hapira Cres,Shouldbe: St Johns,24
174.840245490727,-36.8791680674545,Hapira Cres,Shouldbe: St Johns,63
174.838438144492,-36.8816925141477,Awa Cres,Shouldbe: St Johns,0
174.8403857708,-36.8795182378334,Hapira Cres,Shouldbe: St Johns,23
