171.8200832,-43.8725791,Grigg St,Shouldbe: Dromore,0
171.8214023,-43.8714903,Grigg St,Shouldbe: Dromore,0
171.780065454145,-43.9018325150039,Smithfield Rd,Shouldbe: Elgin,166
172.865561999304,-43.7483922004525,SH75,Shouldbe: French Farm,0
171.967408705318,-43.5129779066371,Plantation Rd,Shouldbe: Hororata,910
