171.8200832,-43.8725791,Grigg St,Shouldbe: Dromore,0
171.8214023,-43.8714903,Grigg St,Shouldbe: Dromore,0
172.865561999304,-43.7483922004525,SH75,Shouldbe: French Farm,0
172.630969631774,-43.4861320397181,SH74,Shouldbe: Redwood,9
