171.8200832,-43.8725791,Grigg St,Shouldbe: Dromore,0
171.82140230000002,-43.8714903,Grigg St,Shouldbe: Dromore,0
171.780065454145,-43.90183251500388,Smithfield Rd,Shouldbe: Elgin,166
172.86556199930382,-43.748392200452514,SH75,Shouldbe: French Farm,0
171.96740870531818,-43.51297790663714,Plantation Rd,Shouldbe: Hororata,910
