171.8200832,-43.8725791,Grigg St,Shouldbe: Dromore,0
171.8214023,-43.8714903,Grigg St,Shouldbe: Dromore,0
172.865561999304,-43.7483922004525,SH75,Shouldbe: French Farm,0
172.516899230012,-43.5288242560066,Hunia Pl,Shouldbe: Yaldhurst,51
172.5171476,-43.5285726,Mary Carpenter Ave,Shouldbe: Yaldhurst,51
172.516906402879,-43.5288339397039,Mary Carpenter Ave,Shouldbe: Yaldhurst,42
