174.4592374,-35.8364986,Stace Hopper Dr,Shouldbe: Ruakaka,0
174.458973185021,-35.8373547408547,Stace Hopper Dr,Shouldbe: Ruakaka,74
