167.99012228631372,-46.36749385684313,Mores Lookout Track,Shouldbe: Riverton/Aparima,34579
169.80894502279946,-44.673426900112155,West Manuherikia Track,"Shouldbe: Omarama, Saint Bathans",45437
169.79760956359056,-44.682747058743566,"",Shouldbe: Saint Bathans,47288
167.65277167331286,-45.666026555112474,"",Shouldbe: Whare Creek,47936
169.56493786974298,-46.5563650360874,Helena Falls Rd,"Shouldbe: Purakauiti, Purakaunui",119554
169.31604338791894,-44.593247269798795,Gladstone Track,"Shouldbe: John Creek, Lake Hawea, Lake Hawea",209619
169.3166205,-44.593839,"",Shouldbe: John Creek,212915
