176.3469874,-37.7276823,The Boulevard,Shouldbe: Papamoa Beach,2
176.347725016088,-37.7279116720294,The Boulevard,Shouldbe: Papamoa Beach,2
176.348205640014,-37.7281013415341,The Boulevard,Shouldbe: Papamoa Beach,0
176.348241642238,-37.7281114425806,The Boulevard,Shouldbe: Papamoa Beach,0
