175.3123221,-37.7594507,Glastonbury Ave,Shouldbe: Fairview Downs,101
174.883384152807,-37.1388775415777,Paerata Rd,Shouldbe: Karaka,338
174.883372585201,-37.1406726988024,Paerata Rd,Shouldbe: Karaka,338
