175.462733487472,-41.1330751958982,Bidwills Cutting Rd,Shouldbe: Morison Bush,743
