175.4627334874722,-41.13307519589818,Bidwills Cutting Rd,Shouldbe: Morison Bush,743
175.1845815,-41.08512,Incline Rd,Shouldbe: Remutaka Hill,17
175.57722223391417,-41.48052448752995,Te Awaiti Rd,Shouldbe: Te Awaiti,2853
