175.6137748464403,-40.391545346172386,Unmatched: Massey University,Palmerston North,6,235
