174.085608275862,-35.1692324137931,Rangihoua Heritage Park Marsden Cross Pathway,Loopy: 
174.71475265625,-36.303040546875,Track,Loopy: 
175.43327,-36.17088,Palmers Track,Loopy: 
