174.7841,-41.09257,Mana Island Walkway,Loopy: 
174.809346902655,-41.2318730973451,Centennial Highway On Ramp,Loopy: 
