175.058365079332,-41.1595627468291,"281 Katherine Mansfield Drive, Blue Mountains, Upper Hutt",Wrong Side: 3021017
174.873198347298,-41.2253814504222,"28N Victoria Street, Petone, Lower Hutt",Wrong Side: 3106692
174.914717894703,-41.2297228079693,"26A Bell Road, Waiwhetu, Lower Hutt",Wrong Side: 3106880
174.912623721505,-41.2320127725992,"57N Mandel Mews, Waiwhetu, Lower Hutt",Wrong Side: 3106884
174.908764414621,-41.2624155182656,"301B Marine Drive, York Bay, Lower Hutt",Wrong Side: 3106960
174.948682675137,-41.1945492404134,"5 Colson Street, Avalon, Lower Hutt",Wrong Side: 3107009
174.941160449067,-41.1898402384544,"83/66 Mabey Road, Avalon, Lower Hutt",Wrong Side: 3107140
174.872055498095,-41.1125296641072,"24A Doncaster Terrace, Ascot Park, Porirua",Wrong Side: 3109358
175.525381200017,-41.0274780200013,"1B Wakelin Street, Carterton",Wrong Side: 3144842
175.525381200017,-41.0274780200013,"1C Wakelin Street, Carterton",Wrong Side: 3144843
175.525381200017,-41.0274780200013,"1D Wakelin Street, Carterton",Wrong Side: 3144844
174.897214064582,-41.1858660854367,"308 Normandale Road, Normandale, Lower Hutt",Wrong Side: 3147329
