170.95039147,-44.27552136,"818 Sterndale Valley Road, Hazelburn",Wrong Side: 120797
172.81664298,-42.93146033,"207 Megowans Road, Scargill",Wrong Side: 287651
172.07388610,-43.28429205,"168 Rampaddock Road, View Hill",Wrong Side: 1398857
172.81256154,-42.93287888,"222 Megowans Road, Scargill",Wrong Side: 1676762
172.57337280,-43.58637932,"31 Light Mood Road, Halswell, Christchurch",Wrong Side: 2196037
172.98597958,-42.74770631,"295B Jamesons Road, Rotherham",Wrong Side: 2279381
170.80284709,-44.24952183,"672 Mt Nessing Road, Albury",Wrong Side: 2284084
