170.95039147,-44.27552136,"818 Sterndale Valley Road, Hazelburn",Wrong Side: 120797
172.81664298,-42.93146033,"207 Megowans Road, Scargill",Wrong Side: 287651
172.07388610,-43.28429205,"168 Rampaddock Road, View Hill",Wrong Side: 1398857
172.81256154,-42.93287888,"222 Megowans Road, Scargill",Wrong Side: 1676762
172.98657328,-42.74877771,"295A Jamesons Road, Rotherham",Wrong Side: 2279380
172.98597958,-42.74770631,"295B Jamesons Road, Rotherham",Wrong Side: 2279381
172.61117612,-43.71871429,"160 Millers Road, Gebbies Valley",Wrong Side: 2286981
172.49670268,-43.30472580,"185 McIntoshs Road, Fernside, Rangiora",Wrong Side: 2288884
170.74385774,-44.03016551,"35 Stoneleigh Road, Ashwick Flat",Wrong Side: 2290948
