172.64451020,-43.45424143,"140 Belfast Road, Belfast, Christchurch",Wrong Side: 224560
172.81664298,-42.93146033,"207 Megowans Road, Scargill",Wrong Side: 287651
172.93858925,-42.80947417,"209 Kaiwara Homestead Road, Amuri Plain",Wrong Side: 289450
172.65344663,-43.71628888,"613 McQueens Valley Road, Gebbies Valley",Wrong Side: 1638634
172.81256154,-42.93287888,"222 Megowans Road, Scargill",Wrong Side: 1676762
172.72818129,-43.60754771,"2 Cashin Quay, Lyttelton",Wrong Side: 1757521
172.37873384,-43.58039258,"7/26 Hynds Drive, Rolleston",Wrong Side: 2203999
