172.64728397,-43.56978023,"20 Whaka Terrace, Huntsbury, Christchurch",Wrong Side: 239304
172.81664298,-42.93146033,"207 Megowans Road, Scargill",Wrong Side: 287651
172.68971917,-43.49856263,"2 Fleur Lane, Burwood, Christchurch",Wrong Side: 1307693
172.65344663,-43.71628888,"613 McQueens Valley Road, Gebbies Valley",Wrong Side: 1638634
172.81256154,-42.93287888,"222 Megowans Road, Scargill",Wrong Side: 1676762
172.42237218,-43.19752557,"725 Foothills Road, Okuku",Wrong Side: 2227704
173.01579958,-43.72355902,"890R Okains Bay Road, Okains Bay",Wrong Side: 2232120
