176.26895884,-40.16532957,"281 Paeroa Road, Ormondville",Wrong Side: 22196
