174.26965957,-39.29709268,"2 Oxford Terrace, Midhirst",Wrong Side: 890541
175.49602201,-39.87174812,"1007 Ongo Road, Hunterville",Wrong Side: 2254284
176.90609629,-39.68979563,"366 Durham Drive, Havelock North",Wrong Side: 2259310
177.19634122,-39.11533557,"17 Sims Road, Mohaka",Wrong Side: 2267472
