174.26968620,-39.29656643,"4 Oxford Terrace, Midhirst",Wrong Side: 1391031
175.49602201,-39.87174812,"1007 Ongo Road, Hunterville",Wrong Side: 2254284
176.90609629,-39.68979563,"366 Durham Drive, Havelock North",Wrong Side: 2259310
