174.26965957,-39.29709268,"2 Oxford Terrace, Midhirst",Wrong Side: 890541
176.46817768,-39.79566124,"114A Highway 50, Tikokino",Wrong Side: 1668113
174.43710722,-39.66244710,"36 Wilson Street, Alton",Wrong Side: 1672546
176.90609629,-39.68979563,"366 Durham Drive, Havelock North",Wrong Side: 2259310
177.19634122,-39.11533557,"17 Sims Road, Mohaka",Wrong Side: 2267472
177.75519733,-39.04344655,"20 Wai Station Road, Nuhaka",Wrong Side: 2272040
175.72410026,-39.66467892,"47 Robbie Smiths Road, Taihape",Wrong Side: 2279924
175.51311568,-40.00849022,"50 Taraketi Road, Hunterville",Wrong Side: 2279926
176.68000804,-39.95899184,"110 River Road, Otane",Wrong Side: 2281874
