176.05615482,-38.69058016,"10 Paenoa Road, Nukuhau, Taupo",Wrong Side: 2300912
