170.29833307,-45.83114657,"165 Taieri View Road, North Taieri",Wrong Side: 1309767
170.97341100,-45.07755048,"14 Bedford Street, Oamaru North, Oamaru",Wrong Side: 1403577
168.58111703,-45.05837047,"84 Geary Lane, Closeburn",Wrong Side: 2216063
