170.29833307,-45.83114657,"165 Taieri View Road, North Taieri",Wrong Side: 1309767
170.97341100,-45.07755048,"14 Bedford Street, Oamaru North, Oamaru",Wrong Side: 1403577
170.15648983,-45.76265165,"145 Monterey Road, Hindon",Wrong Side: 1409390
168.58111703,-45.05837047,"84 Geary Lane, Closeburn",Wrong Side: 2216063
170.36946636,-45.87415006,"50 Armadale Street, Mosgiel",Wrong Side: 2261465
169.12260250,-44.71397766,"116 Studholme Road, Wanaka",Wrong Side: 2272843
170.97312373,-45.06643198,"235 Reservoir Road, Oamaru North, Oamaru",Wrong Side: 2275601
170.97521019,-45.06526428,"275 Reservoir Road, Oamaru North, Oamaru",Wrong Side: 2283928
