173.25457947,-41.27956203,"82 Bisley Avenue, Moana, Nelson",Wrong Side: 311050
172.50740200,-40.60733100,"419 Te Hapu Road, Mangarakau",Wrong Side: 399802
172.50628400,-40.60668700,"429 Te Hapu Road, Mangarakau",Wrong Side: 399803
