175.25920484,-37.72266069,"5/8 North City Road, Rototuna North, Hamilton",Wrong Side: 2287631
174.85645509,-37.64136247,"1140 Waimai Valley Road, Te Akau",Wrong Side: 2297619
174.95880828,-37.72090517,"153 Halliday Road, Waingaro",Wrong Side: 2303019
