175.14415870,-40.77561655,"15 Otaki Gorge Road, Hautere",Wrong Side: 489599
175.14389808,-40.77601337,"19 Otaki Gorge Road, Hautere",Wrong Side: 489601
175.16041125,-40.75847373,"263 Main Highway, Otaki",Wrong Side: 490761
175.15921772,-40.76142363,"34 Rahui Road, Otaki",Wrong Side: 490823
175.15939448,-40.76156903,"40 Rahui Road, Otaki",Wrong Side: 490829
175.54354480,-40.22543037,"30 McIntyre Lane, Feilding",Wrong Side: 2288259
