175.00539762,-40.89904642,"97 Realm Drive, Paraparaumu",Wrong Side: 453782
